{
  "id": "fa8e7dc1-f707-4f64-b48b-7e12a4bbff73",
  "name": "send-message",
  "auto": true,
  "contexts": [],
  "userSays": [
    {
      "data": [
        {
          "text": "send message @sys.any:message to @sys.phone-number:phonenumber"
        }
      ],
      "isTemplate": true
    },
    {
      "data": [
        {
          "text": "send "
        },
        {
          "text": "voice",
          "alias": "messagetype",
          "meta": "@messagetype",
          "userDefined": true
        },
        {
          "text": " message "
        },
        {
          "text": "@sys.any:message",
          "alias": "message",
          "meta": "@sys.any",
          "userDefined": true
        },
        {
          "text": " to "
        },
        {
          "text": "@sys.phone-number:phonenumber",
          "alias": "phonenumber",
          "meta": "@sys.phone-number",
          "userDefined": true
        }
      ],
      "isTemplate": false
    },
    {
      "data": [
        {
          "text": "send @sys.any:message to @sys.phone-number:phonenumber"
        }
      ],
      "isTemplate": false
    },
    {
      "data": [
        {
          "text": "send "
        },
        {
          "text": "text",
          "alias": "messagetype",
          "meta": "@messagetype",
          "userDefined": true
        },
        {
          "text": " message "
        },
        {
          "text": "@sys.any:message",
          "alias": "message",
          "meta": "@sys.any",
          "userDefined": true
        },
        {
          "text": " to "
        },
        {
          "text": "@sys.phone-number:phonenumber",
          "alias": "phonenumber",
          "meta": "@sys.phone-number",
          "userDefined": true
        }
      ],
      "isTemplate": false
    },
    {
      "data": [
        {
          "text": "message "
        },
        {
          "text": "@sys.any:message",
          "alias": "message",
          "meta": "@sys.any",
          "userDefined": true
        },
        {
          "text": " to "
        },
        {
          "text": "@sys.phone-number:phonenumber",
          "alias": "phonenumber",
          "meta": "@sys.phone-number",
          "userDefined": true
        },
        {
          "text": "\u0026nbsp;"
        }
      ],
      "isTemplate": false
    },
    {
      "data": [
        {
          "text": "text",
          "alias": "messagetype",
          "meta": "@messagetype",
          "userDefined": true
        },
        {
          "text": " message "
        },
        {
          "text": "@sys.any:message",
          "alias": "message",
          "meta": "@sys.any",
          "userDefined": true
        },
        {
          "text": " to "
        },
        {
          "text": "@sys.phone-number:phonenumber",
          "alias": "phonenumber",
          "meta": "@sys.phone-number",
          "userDefined": true
        },
        {
          "text": ""
        }
      ],
      "isTemplate": false
    },
    {
      "data": [
        {
          "text": "voice",
          "alias": "messagetype",
          "meta": "@messagetype",
          "userDefined": true
        },
        {
          "text": " message "
        },
        {
          "text": "@sys.any:message",
          "alias": "message",
          "meta": "@sys.any",
          "userDefined": true
        },
        {
          "text": " to "
        },
        {
          "text": "@sys.phone-number:phonenumber",
          "alias": "phonenumber",
          "meta": "@sys.phone-number",
          "userDefined": true
        },
        {
          "text": "\u0026nbsp;"
        }
      ],
      "isTemplate": false
    }
  ],
  "responses": [
    {
      "resetContexts": false,
      "action": "send-message",
      "affectedContexts": [],
      "parameters": [
        {
          "dataType": "@sys.phone-number",
          "name": "phonenumber",
          "value": "$phonenumber"
        },
        {
          "dataType": "@sys.any",
          "name": "message",
          "value": "$message"
        },
        {
          "dataType": "@messagetype",
          "name": "messagetype",
          "value": "$messagetype"
        }
      ],
      "speech": []
    }
  ],
  "state": "LEARNED_WITH_PROBLEMS",
  "priority": 500000,
  "webhookUsed": false
}